COM_20200324_39_39,Perftest1,Test@123456!,PRO123
COM_20200420_2_1,Perftest2,Test@123456!,100001
COM_20200410_2_2,Perftest3,Test@123456!,PRO123
COM_20200414_3_3,Perftest4,Test@123456!,P-1234
COM_20200414_8_8,Perftest5,Test@123456!,PRO123
COM_20200415_5_5,Perftest6,Test@123456!,100001
COM_20200430_8_8,Perftest7,Test@123456!,PRO123
COM_20200511_2_1,Perftest8,Test@123456!,P-1234
COM_20200324_39_39,Perftest9,Test@123456!,PRO123
COM_20200420_2_1,Perftest10,Test@123456!,P-1234
COM_20200410_2_2,Perftest11,Test@123456!,PRO123
COM_20200324_39_39,Perftest12,Test@123456!,PRO123
COM_20200420_2_1,Perftest13,Test@123456!,P-1234
COM_20200410_2_2,Perftest14,Test@123456!,PRO123
COM_20200414_3_3,Perftest15,Test@123456!,100001
COM_20200414_8_8,Perftest16,Test@123456!,PRO123
COM_20200415_5_5,Perftest17,Test@123456!,P-1234
COM_20200430_8_8,Perftest18,Test@123456!,PRO123
COM_20200511_2_1,Perftest19,Test@123456!,P-1234
COM_20200324_39_39,Perftest20,Test@123456!,PRO123
COM_20200420_2_1,Perftest21,Test@123456!,PRO123
COM_20200410_2_2,Perftest22,Test@123456!,P-1234
COM_20200324_39_39,Perftest23,Test@123456!,PRO123
COM_20200420_2_1,Perftest24,Test@123456!,100001
COM_20200410_2_2,Perftest25,Test@123456!,PRO123
COM_20200414_3_3,Perftest26,Test@123456!,P-1234
COM_20200414_8_8,Perftest27,Test@123456!,PRO123
COM_20200415_5_5,Perftest28,Test@123456!,P-1234
COM_20200430_8_8,Perftest29,Test@123456!,PRO123
COM_20200511_2_1,Perftest30,Test@123456!,PRO123
COM_20200324_39_39,Perftest31,Test@123456!,P-1234
COM_20200420_2_1,Perftest32,Test@123456!,PRO123
COM_20200410_2_2,Perftest33,Test@123456!,100001
